<?xml version="1.0" encoding="UTF-8"?>
<aplikation id="-1" name="xor" x="0" y="0">
    <atomicBlock id="0" name="light" x="-71" y="-196">
        <code>if(input1){
cout&lt;&lt;&quot;light on\n&quot;;
}
else{
cout&lt;&lt;&quot;light off\n&quot;;
}</code>
        <port name="input1" constant="false" valType="bool" type="input" connectedToBlock="3" connectedToPort="output1"/>
    </atomicBlock>
    <atomicBlock id="1" name="constantOn" x="-681" y="-158">
        <code>output1=true;</code>
        <port name="output1" constant="" valType="bool" type="output"/>
    </atomicBlock>
    <atomicBlock id="2" name="constantOn" x="-675" y="-240">
        <code>output1=true;</code>
        <port name="output1" constant="" valType="bool" type="output"/>
    </atomicBlock>
    <compositeBlock id="3" name="xor" x="-370" y="-212">
        <port name="input1" constant="false" valType="bool" type="input" connectedToBlock="2" connectedToPort="output1"/>
        <port name="input2" constant="false" valType="bool" type="input" connectedToBlock="1" connectedToPort="output1"/>
        <port name="output1" constant="" valType="bool" type="output"/>
        <socket x="-496" y="-39" imitating="input1" type="output"/>
        <socket x="-502" y="-246" imitating="input2" type="output"/>
        <socket x="545" y="-152" imitating="output1" type="input" connectedToBlock="8" connectedToPort="output1"/>
        <atomicBlock id="4" name="not" x="-234" y="-90">
            <code>if(input1){
	output1=false;
}
else{
	output1=true;
}</code>
            <port name="input1" constant="" valType="bool" type="input" connectedToBlock="-3" connectedToPort="input2"/>
            <port name="output1" constant="" valType="bool" type="output"/>
        </atomicBlock>
        <atomicBlock id="5" name="not" x="-228" y="-188">
            <code>if(input1){
	output1=false;
}
else{
	output1=true;
}</code>
            <port name="input1" constant="" valType="bool" type="input" connectedToBlock="-3" connectedToPort="input1"/>
            <port name="output1" constant="" valType="bool" type="output"/>
        </atomicBlock>
        <atomicBlock id="6" name="and" x="23" y="-79">
            <code>if(input1&amp;&amp;input2)
	output1=true;
else
	output1=false;</code>
            <port name="input1" constant="false" valType="bool" type="input" connectedToBlock="4" connectedToPort="output1"/>
            <port name="input2" constant="false" valType="bool" type="input" connectedToBlock="-3" connectedToPort="input1"/>
            <port name="output1" constant="" valType="bool" type="output"/>
        </atomicBlock>
        <atomicBlock id="7" name="and" x="5" y="-253">
            <code>if(input1&amp;&amp;input2)
	output1=true;
else
	output1=false;</code>
            <port name="input1" constant="false" valType="bool" type="input" connectedToBlock="-3" connectedToPort="input2"/>
            <port name="input2" constant="false" valType="bool" type="input" connectedToBlock="5" connectedToPort="output1"/>
            <port name="output1" constant="" valType="bool" type="output"/>
        </atomicBlock>
        <atomicBlock id="8" name="or" x="288" y="-166">
            <code>if(input1||input2)
	output1=true;
else
	output1=false;</code>
            <port name="input1" constant="false" valType="bool" type="input" connectedToBlock="7" connectedToPort="output1"/>
            <port name="input2" constant="alse" valType="bool" type="input" connectedToBlock="6" connectedToPort="output1"/>
            <port name="output1" constant="" valType="bool" type="output"/>
        </atomicBlock>
    </compositeBlock>
</aplikation>