<?xml version="1.0" encoding="UTF-8"?>
<compositeBlock id="4" name="alu" x="0" y="0">
    <port name="number1" constant="0" valType="double" type="input"/>
    <port name="number2" constant="0" valType="double" type="input"/>
    <port name="add" constant="false" valType="bool" type="input"/>
    <port name="sub" constant="false" valType="bool" type="input"/>
    <port name="mul" constant="false" valType="bool" type="input"/>
    <port name="div" constant="false" valType="bool" type="input"/>
    <port name="result" constant="" valType="double" type="output"/>
    <port name="validOut" constant="" valType="bool" type="output"/>
    <socket x="-376" y="-564" imitating="number1" type="output"/>
    <socket x="-374" y="-503" imitating="number2" type="output"/>
    <socket x="486" y="-409" imitating="result" type="input" connectedToBlock="9" connectedToPort="output1"/>
    <socket x="-215" y="-333" imitating="add" type="output"/>
    <socket x="-214" y="-190" imitating="sub" type="output"/>
    <socket x="-206" y="-59" imitating="mul" type="output"/>
    <socket x="-221" y="92" imitating="div" type="output"/>
    <socket x="487" y="-355" imitating="validOut" type="input" connectedToBlock="9" connectedToPort="valid"/>
    <atomicBlock id="5" name="addDouble" x="-211" y="-458">
        <code>output1=input1+input2;
valid=true;</code>
        <port name="input1" constant="0" valType="double" type="input" connectedToBlock="-3" connectedToPort="number1"/>
        <port name="input2" constant="0" valType="double" type="input" connectedToBlock="-3" connectedToPort="number2"/>
        <port name="output1" constant="" valType="double" type="output"/>
        <port name="valid" constant="" valType="bool" type="output"/>
    </atomicBlock>
    <atomicBlock id="6" name="subDouble" x="-216" y="-288">
        <code>output1=input1-input2;
valid=true;</code>
        <port name="input1" constant="0" valType="double" type="input" connectedToBlock="-3" connectedToPort="number1"/>
        <port name="input2" constant="0" valType="double" type="input" connectedToBlock="-3" connectedToPort="number2"/>
        <port name="output1" constant="" valType="double" type="output"/>
        <port name="valid" constant="" valType="bool" type="output"/>
    </atomicBlock>
    <atomicBlock id="7" name="mulDouble" x="-210" y="-152">
        <code>output1=input1*input2;
valid=true;</code>
        <port name="input1" constant="0" valType="double" type="input" connectedToBlock="-3" connectedToPort="number1"/>
        <port name="input2" constant="0" valType="double" type="input" connectedToBlock="-3" connectedToPort="number2"/>
        <port name="output1" constant="" valType="double" type="output"/>
        <port name="valid" constant="" valType="bool" type="output"/>
    </atomicBlock>
    <atomicBlock id="8" name="divDouble" x="-212" y="-12">
        <code>output1=input1/input2;
valid=true;</code>
        <port name="input1" constant="0" valType="double" type="input" connectedToBlock="-3" connectedToPort="number1"/>
        <port name="input2" constant="0" valType="double" type="input" connectedToBlock="-3" connectedToPort="number2"/>
        <port name="output1" constant="" valType="double" type="output"/>
        <port name="valid" constant="" valType="bool" type="output"/>
    </atomicBlock>
    <atomicBlock id="9" name="" x="228" y="-426">
        <code>if(sadd){
	output1=add;
	valid=true;
}
else if(ssub){
	output1=sub;
	valid=true;
}
else if(smull){
	output1=mull;
	valid=true;
}
else if(sdiv){
	output1=div;
	valid=true;
}</code>
        <port name="add" constant="" valType="double" type="input" connectedToBlock="5" connectedToPort="output1"/>
        <port name="sub" constant="" valType="double" type="input" connectedToBlock="6" connectedToPort="output1"/>
        <port name="mull" constant="" valType="double" type="input" connectedToBlock="7" connectedToPort="output1"/>
        <port name="div" constant="" valType="double" type="input" connectedToBlock="8" connectedToPort="output1"/>
        <port name="sadd" constant="false" valType="bool" type="input" connectedToBlock="10" connectedToPort="output1"/>
        <port name="ssub" constant="false" valType="bool" type="input" connectedToBlock="11" connectedToPort="output1"/>
        <port name="smull" constant="false" valType="bool" type="input" connectedToBlock="12" connectedToPort="output1"/>
        <port name="sdiv" constant="false" valType="bool" type="input" connectedToBlock="13" connectedToPort="output1"/>
        <port name="output1" constant="" valType="double" type="output"/>
        <port name="valid" constant="" valType="bool" type="output"/>
    </atomicBlock>
    <atomicBlock id="10" name="and" x="13" y="-392">
        <code>output1=input1&amp;input2;</code>
        <port name="input1" constant="false" valType="bool" type="input" connectedToBlock="5" connectedToPort="valid"/>
        <port name="input2" constant="false" valType="bool" type="input" connectedToBlock="-3" connectedToPort="add"/>
        <port name="output1" constant="" valType="bool" type="output"/>
    </atomicBlock>
    <atomicBlock id="11" name="and" x="16" y="-293">
        <code>output1=input1&amp;input2;</code>
        <port name="input1" constant="false" valType="bool" type="input" connectedToBlock="6" connectedToPort="valid"/>
        <port name="input2" constant="false" valType="bool" type="input" connectedToBlock="-3" connectedToPort="sub"/>
        <port name="output1" constant="" valType="bool" type="output"/>
    </atomicBlock>
    <atomicBlock id="12" name="and" x="17" y="-119">
        <code>output1=input1&amp;input2;</code>
        <port name="input1" constant="false" valType="bool" type="input" connectedToBlock="7" connectedToPort="valid"/>
        <port name="input2" constant="false" valType="bool" type="input" connectedToBlock="-3" connectedToPort="mul"/>
        <port name="output1" constant="" valType="bool" type="output"/>
    </atomicBlock>
    <atomicBlock id="13" name="and" x="17" y="1">
        <code>output1=input1&amp;input2;</code>
        <port name="input1" constant="false" valType="bool" type="input" connectedToBlock="8" connectedToPort="valid"/>
        <port name="input2" constant="false" valType="bool" type="input" connectedToBlock="-3" connectedToPort="div"/>
        <port name="output1" constant="" valType="bool" type="output"/>
    </atomicBlock>
</compositeBlock>